seller_id,avg_delivery_days,avg_score,order_count
001cca7ae9ae17fb1caed9dfb1094831,12.628205128205128,3.902542372881356,239
002100f778ceb8431b7a1020ff7ab48f,15.636363636363637,3.982142857142857,56
004c9cd9d87a3c30c522c48c4fc07416,14.327586206896552,4.132947976878612,176
00720abe85ba0859807595bbf045a33b,8.153846153846153,3.6538461538461537,26
00ee68308b45bc5e2660cd833c3f81cc,8.693641618497109,4.3313953488372094,173
00fc707aaaad2d31347cf883cd2dfe10,15.21830985915493,3.7375886524822697,142
013900e863eace745d3ec7614cab5b1a,11.038461538461538,4.730769230769231,26
0176f73cc1195f367f7b32db1e5b3aa8,12.947368421052632,4.0256410256410255,39
01cf7e3d21494c41fb86034f2e714fa1,11.076923076923077,4.212121212121212,67
01fd077212124329bac32490e8ef80d9,7.666666666666667,4.3076923076923075,39
01fdefa7697d26ad920e9e0346d4bd1b,10.276923076923078,4.346153846153846,131
0241d4d5d36f10f80c644447315af0bd,10.465863453815262,4.278225806451613,249
02ecc2a19303f05e59ce133fd923fff7,10.375,4.541666666666667,24
02f5837340d7eb4f653d676c7256523a,9.166666666666666,4.833333333333333,30
02f623a8eb246f3c5f7c2f96462654e6,8.068181818181818,4.558139534883721,44
04308b1ee57b6625f47df1d56f00eedf,18.42391304347826,3.882978723404255,94
0432ead42b6c8a0bdf68154add917fdf,8.333333333333334,4.477777777777778,90
048c2757535328e0d7dac690ad3c0aae,18.04,4.18,51
04e38a233f726ef161074ab1c9b0399a,11.083333333333334,3.7857142857142856,28
0509040ea3fe50071181bbc359eb7738,10.979166666666666,4.5,98
054694fa03fe82cec4b7551487331d74,29.714285714285715,3.3636363636363638,22
056b4ada5bbc2c50cc7842547dda6b51,12.307692307692308,4.123076923076923,66
058fd0aa2bfdb2274e05e1ae971dabb6,9.703125,4.384615384615385,65
05d2173d43ea568aa0540eba70d2ca76,14.257575757575758,4.0,66
05f51e13da97139648b8125c31e5f51b,11.916666666666666,4.095238095238095,63
05ff92fedb5be47920fea08e501238b9,12.241935483870968,4.171875,64
062ce95fa2ad4dfaedfc79260130565f,12.745762711864407,3.966666666666667,60
06579cb253ecd5a3a12a9e6eb6bf8f47,10.485714285714286,3.763888888888889,72
066a6914e1ebf3ea95a216c73a986b91,13.63888888888889,3.9726027397260273,74
0691148aee60ca47977c187804f935ae,12.62962962962963,4.0,54
06a2c3af7b3aee5d69171b0e14f0ee87,17.277915632754343,4.00250626566416,406
06df0c10d34e459d9672bc77388742eb,9.2,4.366666666666666,30
06e5eefc71ec47ae763c5c6f8db7064f,10.53763440860215,3.903225806451613,95
070d165398b553f3b4b851c216b8a358,10.631578947368421,3.5,39
0725b8c0f3f906e58f70cbe76b7c748c,11.282051282051283,3.575,40
07bf9669d84d1f11be443a9dd938f698,8.291666666666666,3.25,24
080102cd0a76b09e0dcf55fcacc60e05,9.296875,4.492307692307692,130
080199a181c46c657dc5aa235411be3b,7.626506024096385,4.609756097560975,83
082e0bf4cb865a6533b1e8e498cc0255,12.73913043478261,3.3043478260869565,23
08633c14ef2db992c11f840f04fad4cd,9.721649484536082,4.237113402061856,97
0885aaf116795758dfeb5f1032487bcd,5.241379310344827,4.2,30
08d2d642cf72b622b14dde1d2f5eb2f5,14.333333333333334,4.428571428571429,22
093805f8f2aeb63881444571e1f48f30,7.7407407407407405,3.814814814814815,27
099095b050cfe8eb1ddff5317587e96e,10.0,2.95,20
09f952a5f58d2285b0372551ae8f9b01,12.660714285714286,3.875,56
0adac9fbd9a2b63cccaac4f8756c1ca8,12.325925925925926,3.887323943661972,143
0afccdb8a34ee5c79f7c06faf2b4d56e,12.958333333333334,4.041666666666667,25
0b35c634521043bf4b47e21547b99ab5,16.92207792207792,3.4935064935064934,78
0b90b6df587eb83608a64ea8b390cf07,14.088785046728972,4.0,216
0bae85eb84b9fb3bd773911e89288d54,9.786206896551723,4.205479452054795,146
0bb738e4d789e63e2267697c42d35a2d,11.482758620689655,4.580645161290323,31
0be8ff43f22e456b4e0371b2245e4d01,9.851428571428572,3.8944444444444444,180
0bf0150d5b9d60d9cd2906003332f085,13.612903225806452,3.711864406779661,62
0c7533c71df861ec58ad7ff999ed0e8d,10.175675675675675,4.04054054054054,74
0c8380b62e38e8a1e6adbeba7eb9688c,12.0,4.040909090909091,222
0cbcee27c791afa0cdcb08587a2013a8,12.9,3.8536585365853657,41
0d33a55da925bbf1ff02af5f6059fc7f,8.6,4.52,25
0d85bbda9889ce1f7e63778d24f346eb,17.79310344827586,4.211538461538462,58
0db783cfcd3b73998abc6e10e59a102f,11.197080291970803,4.213235294117647,137
0dd184061fb0eaa7ca37932c68ab91c5,10.813471502590673,3.953125,193
0df3984f9dfb3d49ac6366acbd3bbb85,9.136363636363637,4.303370786516854,89
0ea22c1cfbdc755f86b9b54b39c16043,10.505494505494505,4.333333333333333,277
0ebd97a106433a45a4aebe57c1799778,8.75,4.5,32
0ed6ce5d87fd9c69eaacaeb778d67235,15.547619047619047,4.404761904761905,43
0ef83d7d83ed97cd2a0049ac8be5f88a,9.303571428571429,4.254545454545455,56
0ffa40d54288e4f3499b8780dd0f144f,13.085714285714285,4.4,35
10076e5788b8ee532724bcd460baf762,9.384615384615385,4.615384615384615,26
1025f0e2d44d7041d6cf58b6550e0bfa,11.534170153417016,3.8497554157931515,1443
1127b7f2594683f2510f1c2c834a486b,9.674418604651162,4.097744360902255,133
11305281b50fff20ae8bb473f8e11876,13.55,4.35,40
113e3a788b935f48aad63e1c41dac1bd,11.604166666666666,4.404255319148936,48
116ccb1a1604bc88e4d234a8c23f33de,8.315068493150685,4.602739726027397,73
11bfa66332777660bd0640ee84d47006,15.815533980582524,3.7766990291262137,103
128639473a139ac0f3e5f5ade55873a5,13.96028880866426,4.176895306859206,560
12b9676b00f60f3b700e83af21824c0e,14.76865671641791,4.511111111111111,136
1336efc61c316ddf92c899eb817f7cae,11.211764705882352,3.9411764705882355,85
1354d51653f645349064725ed204e85e,9.0,3.7142857142857144,21
138dbe45fc62f1e244378131a6801526,5.879310344827586,3.9827586206896552,58
13d058e4eeac2ce8217660b2f8a05812,10.818181818181818,4.217391304347826,23
1430239a858e7682bbc43b20758af153,6.863636363636363,3.9565217391304346,23
1464afc72f696af775557a821c2e253f,10.8,4.166666666666667,30
14a08204d03bb6b6bde8029f801ae0eb,8.263157894736842,3.8157894736842106,38
14d7985702e72162bbf13b6beb74ab2b,10.578947368421053,4.342105263157895,38
1554a68530182680ad5c8b042c3ab563,13.596296296296297,4.2481481481481485,272
157c3e4b42f81ac4a44e8b1ca2fe9876,9.935483870967742,3.967741935483871,31
15aac934c58d886785ac1b17953ea898,15.153846153846153,4.115384615384615,26
16090f2ca825584b5a147ab24aa30c86,8.753694581280788,4.044226044226044,410
165fc07beebdcb6190fba8a06db2a449,13.1875,3.6875,64
17306570e772e7718c92a562d33f5f1d,13.5,3.625,32
1771297ac436903d1dd6b0e9279aa505,8.972222222222221,4.628571428571429,36
17a053fcb14bd219540cbde0df490be0,11.604026845637584,4.20945945945946,150
17ca9b9e9b9ef8fdb529001b49ebb50f,7.658914728682171,4.015384615384615,130
17e34d8224d27a541263c4c64b11a56b,13.523076923076923,4.139097744360902,268
17f51e7198701186712e53a39c564617,22.21311475409836,4.344262295081967,61
1835b56ce799e6a4dc4eddc053f04066,12.354430379746836,3.5938628158844765,560
1838dd9b8977065acf51d95e0053ea7a,12.138461538461538,4.2388059701492535,67
18a349e75d307f4b4cc646a691ed4216,10.6796875,3.3945578231292517,148
18e694e0e48ed6f7aa3f24aade5fd697,5.470588235294118,4.676470588235294,34
1900267e848ceeba8fa32d80c1a5f5a8,12.34980988593156,3.854961832061069,532
198c7ea11960a9844b544d9bcdca860c,14.0,3.88,25
1a3df491d1c4f1589fc2b934ada68bf2,14.508670520231213,4.161111111111111,180
1a932caad4f9d804097d7f8e615baed1,8.466666666666667,3.566666666666667,30
1b4c3a6f53068f0b6944d2d005c9fc89,13.758620689655173,4.111111111111111,118
1b8356dabde1d35e17cef975c3f82730,9.7,4.081967213114754,61
1b938a7ec6ac5061a66a3766e0e75f90,10.96774193548387,4.242424242424242,33
1bb2bdb95f4841f1bba2c0d2cd83d3c9,11.833333333333334,4.588235294117647,86
1c129092bf23f28a5930387c980c0dfc,11.127853881278538,4.168949771689498,220
1c40343cc5d18c2d8248ac2f3366de34,6.863636363636363,4.545454545454546,22
1c68394e931a64f90ea236c5ea590300,15.213483146067416,3.943820224719101,178
1ca7077d890b907f89be8c954a02686a,14.511811023622048,2.198529411764706,137
1caf283236cd69af44cbc09a0a1e7d32,13.594594594594595,4.54054054054054,37
1ce3ae5a399804d1a87e706f8a813c3e,13.340909090909092,3.727272727272727,44
1d4587203296c8f4ad134dc286fa6db0,9.121951219512194,4.3023255813953485,43
1d8dbc4f32378d715c717c1c1fc57bae,15.051546391752577,3.8958333333333335,98
1da366cade6d8276e7d8beea7af5d4bf,16.979166666666668,3.9375,49
1da3aeb70d7989d1e6d9b0e887f97c23,7.858895705521473,4.073170731707317,330
1dc2de47ee26a0a5b12dc14fd6dc0dea,14.296296296296296,4.518518518518518,27
1dfe5347016252a7884b694d4f10f5c4,19.03846153846154,3.1923076923076925,27
1e8b33f18b4f7598d87f5cbee2282cc2,7.359712230215828,4.282608695652174,140
1eade46fba20122dc4aefb379f8c636b,11.52,4.306666666666667,75
1f1bb1f0859883505541bdd6606193e5,13.758620689655173,4.310344827586207,29
1f50f920176fa81dab994f9023523100,15.106976744186046,3.9824016563147,1940
1f9ab4708f3056ede07124aad39a2554,14.051948051948052,4.089743589743589,79
1fe5540d7c1c37a595fefbacd5570d9e,11.6,4.28,25
2089a6d640999f9b9141ac719b2af596,19.024390243902438,3.727272727272727,44
20cb7c2fde3e5bf10f0bbe7394e1c6a9,11.52,3.843137254901961,51
20d83f3ef0e6925fd74bfd59170babf7,8.092592592592593,4.351851851851852,54
2138ccb85b11a4ec1e37afbd1c8eda1f,10.747619047619047,3.8997668997668997,430
213b25e6f54661939f11710a6fddb871,14.774869109947645,3.7916666666666665,195
2156f2671501a81034d7d07f217609d0,14.761904761904763,3.8636363636363638,22
218d46b86c1881d022bce9c68a7d4b15,13.320665083135392,4.142857142857143,429
2199e7fe213c16213bf5d6a7eadc9a5d,10.633333333333333,4.290322580645161,31
229c3efbfb0ea2058de4ccdfbc3d784a,10.386206896551725,3.643835616438356,148
232a6014e7b10cba61c6c2b2ea6bb4b0,13.114285714285714,4.085714285714285,36
23613d49c3ac2bd302259e55c06c050c,13.417721518987342,3.6582278481012658,80
238fac594e170b59c6d228f5a4f4f1d9,11.966666666666667,3.9655172413793105,30
23a0ffca143a15b9b5bbdb7d552f626a,10.708333333333334,3.9583333333333335,24
23c38debaffe4a25a30fdbd9b586a13f,11.152173913043478,4.304347826086956,46
23d7c96d4a1160db1c726b248601b25a,12.981132075471699,3.811320754716981,56
240b9776d844d37535668549a396af32,10.971428571428572,4.277777777777778,36
244c2f1bff6afe1f2eaf9bfe9b2aed38,15.566666666666666,3.7,30
2528513dd95219a6013d4d05176e391a,10.114457831325302,3.9451219512195124,167
259f7b5e6e482c230e5bfaa670b6bb8f,8.098159509202453,4.206060606060606,166
25c5c91f63607446a97b143d2d535d31,13.535055350553506,3.7032967032967035,274
25cf099de44674fde97473224f9d59ab,8.88,4.326530612244898,50
25e6ffe976bd75618accfe16cefcbd0d,9.417391304347825,4.384615384615385,117
26d8a1c7c75d513045798992ead43aa2,12.0,4.2368421052631575,38
270297ead4c65a6cd2593960d2af6b21,14.0,3.736842105263158,20
2709af9587499e95e803a6498a5a56e9,11.934782608695652,2.5652173913043477,47
271c58a1d139c45eaf3316107c6d3a3b,12.666666666666666,4.068965517241379,29
272f092de69afedd4d2969440b37f18f,9.075,3.923076923076923,41
2745f798279e0ed033addcc1474776d7,12.9375,3.967741935483871,32
276677b5d08786d5dce7c2149dcce48b,10.666666666666666,3.8085106382978724,47
282f23a9769b2690c5dda22e316f9941,10.73394495412844,4.3,110
289cdb325fb7e7f891c38608bf9e0962,6.192,4.579365079365079,126
28f10b1c5e5abb9d4857745bede6147c,7.178571428571429,4.0,28
2a1348e9addc1af5aaa619b1a3679d6b,26.784313725490197,3.0,55
2a261b5b644fa05f4f2700eb93544f2c,14.349397590361447,3.3373493975903616,83
2a5b78b41cd05baeac8df54c6606b92c,8.892857142857142,4.083333333333333,60
2a61c271b1ac763450d846849783e922,19.82608695652174,3.652173913043478,23
2a6fbeaa7ab9e5d59a35841a8da71ce4,13.9,3.9310344827586206,30
2a7dc43cecabf23403078e2188437d1d,12.518518518518519,4.092592592592593,54
2a84855fd20af891be03bc5924d2b453,8.081761006289309,4.233532934131737,169
2b1a40c1daabc6ca280c4b815c101841,13.363636363636363,3.6285714285714286,35
2b3e4a2a3ea8e01938cabda2a3e5cc79,8.12962962962963,4.388888888888889,54
2bf6a2c1e71bbd29a4ad64e6d3c3629f,12.774193548387096,4.193548387096774,31
2c9e548be18521d1c43cde1c582c6de8,13.309941520467836,3.9239766081871346,174
2d50d6282f8aa2257819a77bfaa0efe0,13.30232558139535,3.6444444444444444,45
2dee2ce60de9709b1a24083217181a1f,13.963636363636363,4.363636363636363,55
2e13c71026e1a39ba5cc1b86dcb679aa,9.714285714285714,4.25,28
2e1a7d075abe038c1b2743005fe42ff1,14.363636363636363,3.6956521739130435,23
2e1c9f22be269ef4643f826c9e650a52,9.321428571428571,4.16374269005848,174
2e90cb1677d35cfe24eef47d441b7c87,11.64963503649635,4.036496350364963,137
2eb70248d66e0e3ef83659f71b244378,17.51010101010101,2.712918660287081,213
2ff97219cb8622eaf3cd89b7d9c09824,8.329787234042554,4.541666666666667,96
3078096983cf766a32a06257648502d1,11.62295081967213,4.203125,64
30829ded4523ab9224b93bc49a62c95f,10.129032258064516,3.5806451612903225,31
3092c0b297aacfb4bb6e056ebe13b9b8,13.176470588235293,3.5714285714285716,21
30a2f535bb48308f991d0b9ad4a8c4bb,7.920454545454546,4.261363636363637,88
30a81d8cf85fb2ada1b1b094c9583a95,3.65,4.85,20
31344c16881c08a8a72c6d2eb29918c1,15.238095238095237,4.348837209302325,43
31561f325664a8a7aba4c8d0c3a9b3db,6.7894736842105265,4.578947368421052,38
318f287a62ab7ac10b703ac37435a231,11.721311475409836,3.870967741935484,62
31da954dc0855f2495c6310f70a2f931,7.666666666666667,4.233333333333333,30
323ce52b5b81df2cd804b017b7f09aa7,16.655172413793103,4.310344827586207,30
325f3178fb58e2a9778334621eecdbf9,5.717391304347826,4.456521739130435,46
32b8764b4ef628b53608fc34011fcc13,10.868421052631579,4.2368421052631575,38
3340ef1913fb70d28420f6ceb685c339,15.0,4.333333333333333,42
334cab711dee080b079fa5779b584783,6.423076923076923,4.961538461538462,26
33576ec5412fb5905d876f12f33bfde6,14.484848484848484,4.121212121212121,33
3361277dc30b7cccdb0c286b24219756,13.357142857142858,4.214285714285714,42
33a17d60c64393351ebf1ef860f4e0f2,10.127659574468085,4.617021276595745,47
33a6f4b1e7cdc205511e76ba1b6e0186,8.087301587301587,4.357142857142857,126
33ac3e28642ab8bda860a2f693000e78,8.17142857142857,4.228571428571429,35
33c51922b6e3c16b24a8f28e5833c99d,14.25,4.277777777777778,20
34056b8b55c1775a22af2331670a799c,12.493506493506494,4.0,78
343e716476e3748b069f980efbaa294e,15.347826086956522,4.0,24
3481aa57cd91f9f9d3fa1fa12d9a3bf7,9.76,3.88,25
34d1ca11b242c0fee2c834ae8d788566,12.634146341463415,4.3,41
3504c0cb71d7fa48d967e0e4c94d59d9,6.943396226415095,4.415094339622642,53
3586b8580d9c917874e053a1bb37b5ff,13.674418604651162,4.441860465116279,43
36a968b544695394e4e9d7572688598f,10.299363057324841,3.638036809815951,163
373ee4a3a775a733770ca3f790b8b9ac,9.826086956521738,4.0,23
37515688008a7a40ac93e3b2e4ab203f,14.631799163179917,4.084033613445378,240
376a891762bbdecbc02b4b6adec3fdda,11.706896551724139,4.672413793103448,58
3771c85bac139d2344864ede5d9341e3,12.3,3.566666666666667,30
3785b653b1b82de85ab47dd139938091,11.28,4.76,25
37be5a7c751166fbc5f8ccba4119e043,10.209219858156029,4.301418439716312,286
381c83fdca332ea6afd896da20bf6e4a,12.26086956521739,4.391304347826087,46
382229d1e840115ffe3dbf5ff460e417,8.520833333333334,4.26530612244898,49
38e679b9e0064cd94c6f035707344dae,10.75,3.9310344827586206,30
391fc6631aebcf3004804e51b40bcf1e,13.945072697899839,3.9533762057877815,627
392e0502231ae2f8b29994ef6398cd77,17.058823529411764,4.157894736842105,20
39d54ff918774174706fb065d7f9dc07,14.666666666666666,3.8,25
3a734b715d333a2588a3d54a0c9b8746,11.19047619047619,4.208333333333333,24
3ab971ce71839580d2ae5b4e40fe8044,6.351351351351352,3.888888888888889,38
3ade81dab5a172b88e1871c28ae05260,13.2,4.064516129032258,32
3b15288545f8928d3e65a8f949a28291,14.12396694214876,3.8536585365853657,124
3b872fd4747f01cc56206f2934198618,14.0,3.888888888888889,27
3bb548e3cb7f70f28e3f11ee9dce0e59,10.245283018867925,3.981132075471698,53
3bdff180c7e1f6551a643b99c265a120,9.827586206896552,4.016666666666667,61
3be634553519fb6536a03e1358e9fdc7,9.270833333333334,3.92,100
3c03b12bab54d8b37d79d914bfdb1aa0,13.279069767441861,3.880952380952381,43
3c487ae8f8d7542beff5788e2e0aea83,13.090909090909092,3.909090909090909,33
3c4e0452bff7a2a788179488d3d77032,13.11111111111111,3.742857142857143,36
3c7c4a49ec3c6550809089c6a2ca9370,9.320754716981131,3.68944099378882,161
3d5d0dc7073a299e31fa718ce1bc00b6,7.863636363636363,4.166666666666667,24
3d871de0142ce09b7081e2b9d1733cb1,12.951413427561837,4.11443661971831,1148
3d8fa2f5b647373c8620330c4e077a9f,8.770833333333334,4.044444444444444,49
3db66a856d18a9cba7c9241fc5221c50,15.232323232323232,4.171717171717172,99
3dbbce181edfaa4a597ec858c382d2ec,13.8,4.35,20
3df020b72d3d44b3af9d110fa3940b65,12.346534653465346,3.9504950495049505,101
3f3486b61f45078d4f31ee5e43d8c5bb,13.461538461538462,4.325,40
3f995f07c49d0d55a99d5c54957f7d81,9.116279069767442,4.209302325581396,43
3fd1e727ba94cfe122d165e176ce7967,15.166666666666666,3.8157894736842106,38
406822777a0b9eb5c50e442dd4cd3ec5,13.130434782608695,4.326086956521739,47
40d54b51e962dbe09cabbcfd33298dee,6.709677419354839,3.903225806451613,31
411f3b52d857390502ee4e4d5ceabc2d,8.2,4.2592592592592595,30
412a4720f3e9431b4afa1476a1acddbe,10.090909090909092,4.2727272727272725,22
41b39e28db005d9731d9d485a83b4c38,11.869565217391305,4.126050420168068,238
41c2bad7229b0c25e6becf179ebf63ff,4.304347826086956,4.956521739130435,23
41da412d33e8da4f22baf55cb1bde82c,8.80952380952381,4.714285714285714,21
4200ddf1967c5e41e48db62bc6d4b5ac,8.571428571428571,4.243243243243243,42
42b729f859728f5079499127a9c2ef37,7.458015267175573,4.3538461538461535,132
42bde9fef835393bb8a8849cb6b7f245,9.41025641025641,4.2,40
42ef3192a9ff87a22d1867b74b3ee205,8.91304347826087,4.6521739130434785,23
42fa4ee7240e9b8eb4576358ec142ba7,6.454545454545454,4.809523809523809,22
430315b7bb4b6e4b3c978f9dfa9b0558,14.0,4.0,21
4305fe92735c8a43d154ff6dd2b8d927,10.947368421052632,3.9047619047619047,21
431af27f296bc6519d890aa5a05fdb11,16.456,3.784,126
432c37c9dfba871172ec162e20118b8c,15.145454545454545,4.175438596491228,57
4342d4b2ba6b161468c63a7e7cfce593,15.0,1.263157894736842,20
4371b634e0efc0e22b09b52907d9d469,10.315315315315315,4.405405405405405,112
43f8c9950d11ecd03a0304a49e010da6,11.0,4.560975609756097,41
44073f8b7e41514de3b7815dd0237f4f,12.741721854304636,3.7565789473684212,153
440dd6ab244315c632130ecfb63827b1,16.22826086956522,3.851063829787234,95
4559697a8f7e637227c2eeaed843baff,12.463414634146341,4.068181818181818,44
45ba18c210d42734ec52c0c1c574e9ee,6.684210526315789,3.8292682926829267,41
45d33f715e24d15a6ccf5c17b3a23e3c,10.96551724137931,4.049180327868853,61
46dc3b2cc0980fb8ec44634e21d2718e,11.320610687022901,4.181308411214953,542
4736e9d642ef4257cd7622516931eb51,4.857142857142857,4.190476190476191,21
48162d548f5b1b11b9d29d1e01f75a61,10.764044943820224,3.758241758241758,91
4830e40640734fc1c52cd21127c341d4,9.532710280373832,4.1045454545454545,221
48436dade18ac8b2bce089ec2a041202,13.72108843537415,4.046357615894039,151
4869f7a5dfa277a7dca6462dcf3b52b2,14.54965156794425,4.122822299651568,1156
48efc9d94a9834137efd9ea76b065a38,10.588235294117647,5.0,34
49067458c68f7701fd334ce326accbe0,11.736842105263158,3.3684210526315788,38
4917cee8d902e13428c3ec4b1ca6f315,17.612903225806452,4.15625,33
4992e76a42cb3aad7a7047e0d3d7e729,7.8493150684931505,3.8378378378378377,74
4a1f694197d05fe70026b016a7316b41,10.478260869565217,4.391304347826087,23
4a3ca9315b744ce9f8e9374361493884,13.925925925925926,3.803931451612903,2009
4a3ccda38b2129705f3fb522db62ca31,12.77027027027027,3.7341772151898733,79
4aba391bc3b88717ce08eb11e44937b2,16.464285714285715,3.9,30
4b0fdb526525f9890eb145bf1534640e,8.3,3.95,20
4b5f66b7adcf57f1ecc0d3c07dd6b177,13.157894736842104,4.081081081081081,38
4b9750c8ad28220fe6702d4ecb7c898f,8.950226244343892,4.351351351351352,222
4bf2f4ee540798a61f9636d12cd9cc80,13.133333333333333,4.166666666666667,30
4bfc7a4a1cf8d4d2121c27422d9e50b5,7.525,4.225,40
4c03b9dd4c11ee2cb35c96c49efc9420,10.020833333333334,4.1063829787234045,48
4c18691b6037662be2df78a765d98ab5,8.761194029850746,3.8358208955223883,67
4c2b230173bb36f9b240f2b8ac11786e,12.354651162790697,3.760932944606414,347
4c498c7345e89aebad651544829beca0,10.319148936170214,4.291666666666667,48
4c8b8048e33af2bf94f2eb547746a916,18.608695652173914,3.111111111111111,27
4d6d651bd7684af3fffabd5f08d12e5a,12.626598465473146,4.1767676767676765,397
4da0e408c99d2fdc2126dc9fce518060,8.783333333333333,4.5,60
4e06067cc08b3f41d837768d392c3ee3,9.347826086956522,4.173913043478261,46
4e17c65a516f69d023a2ae78b84f28d6,14.391891891891891,4.081081081081081,74
4e5725ba188db8252977a4f0227bd462,20.25,3.44,25
4e7c18b98d84e05cbae3ff0ff03846c2,11.566666666666666,4.144444444444445,91
4e922959ae960d389249c378d1c939f5,14.147982062780269,3.89532293986637,454
4ebdc7e6cd6102a022dadc49156d4ea8,9.696969696969697,3.787878787878788,33
5011f0d93373a4c5753adf58ca77af8d,14.666666666666666,3.5454545454545454,22
503c1de08ae81a2d86f17951b204db55,13.045454545454545,4.409090909090909,22
5058e8c1e82653974541e83690655b4a,25.935064935064936,3.0789473684210527,78
5075aaa8404020ae6aa8bf4792099b41,11.866666666666667,3.8823529411764706,23
50c9975695009e5e6473912e83a6d1da,14.647058823529411,3.985074626865672,68
5160d23075764e18e07c1f4a87fad743,8.921052631578947,4.461538461538462,39
516e7738bd8f735ac19a010ee5450d8d,8.317073170731707,4.5476190476190474,84
520b493b57809f446cb0a233bb3e25c7,6.864864864864865,4.378378378378378,74
522620dcb18a6b31cd7bdf73665113a9,14.730337078651685,3.897727272727273,180
527801b552d0077ffd170872eb49683b,12.521739130434783,4.483516483516484,92
52d76513f0c4d97f3b99570e2c94ee31,11.357142857142858,3.88,28
52f0fe436a347ddad7ed5f9aa4e27eaa,13.428571428571429,3.3043478260869565,23
52f9db5cfb423382a2fa5c9e39303202,9.681818181818182,4.173913043478261,23
530ec6109d11eaaf87999465c6afee01,10.306930693069306,4.221153846153846,104
53243585a1d6dc2643021fd1853d8905,12.94,4.075980392156863,410
5343d0649eca2a983820bfe93fc4d17e,10.809090909090909,3.614678899082569,111
537eb890efff034a88679788b647c564,8.69186046511628,4.166666666666667,174
53e4c6e0f4312d4d2107a8c9cddf45cd,11.551456310679612,4.045889101338432,525
542917da124346b47ea1ac79a93ce454,10.952380952380953,4.190476190476191,21
54965bbe3e4f07ae045b90b0b8541f52,26.234567901234566,2.9382716049382718,86
54a1852d1b8f10312c55e906355666ee,11.0935960591133,4.3431372549019605,205
55a5b51f93f2b70ea513f5a047b0262a,13.268292682926829,4.487804878048781,41
55d3daac7c404d59e51c2aa2f4dc5a23,8.357142857142858,3.9285714285714284,28
55f7a3319d80f7fdf078b8f03e6725fe,6.318181818181818,3.772727272727273,22
562fc2f2c2863ab7e79a9e4388a58a14,10.80377358490566,4.235074626865671,270
5656537e588803a555b8eb41f07a944b,11.0,3.804232804232804,189
56642bcb79900e777d68e91915cb4267,13.839285714285714,3.767857142857143,56
5670f4db5b62c43d542e1b2d56b0cf7c,8.090909090909092,4.409090909090909,22
575df70bde3f9f2b30bf8d2e9910d725,12.794117647058824,4.117647058823529,34
57c764b4a836300be881e2ff86e449f9,15.068965517241379,4.172413793103448,30
57e632711dec9ec14ca7546769483e7e,10.242424242424242,4.424242424242424,66
582d4f8675b945722eda7c0cb61ba4c7,10.126760563380282,4.112676056338028,71
58f1a6197ed863543e0136bdedb3fce2,9.883720930232558,4.155555555555556,45
594f9aaa48e5bf431f011ddc5669b0d5,7.552631578947368,4.578947368421052,38
59b22a78efb79a4797979612b885db36,12.045112781954888,3.9696969696969697,133
59fb871bf6f4522a87ba567b42dafecf,11.579365079365079,4.21875,129
5a8e7d5003a1f221f9e1d6e411de7c23,10.016759776536313,4.1722222222222225,181
5a93f3ab0ef4c84ed5e1b5dbf23978bc,14.674418604651162,4.7272727272727275,44
5b179e9e8cc7ab6fd113a46ca584da81,12.194444444444445,3.5142857142857142,36
5b664594895aefb418afaee6d40a9a23,10.045454545454545,3.6363636363636362,22
5b67882648febfb6e1225e6ad7164f6b,11.766666666666667,4.033333333333333,30
5b8154610ebb21fb90eb587365e673df,12.75,4.195121951219512,41
5b925e1d006e9476d738aa200751b73b,10.590909090909092,4.606060606060606,66
5bc55dbe2f12b6af6d83ed46023e0dc8,12.523809523809524,2.3333333333333335,21
5bffbafbb22daf6d3bfc216a46db8708,8.08695652173913,4.695652173913044,23
5c243662ce92d84573bfaff24c3e3700,10.237623762376238,4.13,101
5c6d4016c2a288f074fa0848a2b653d2,10.676470588235293,4.114285714285714,35
5c853bb56f70f4d14218944bae111d7a,8.125,4.041666666666667,24
5cbbd5a299cab112b7bf23862255e43e,10.342105263157896,4.315789473684211,38
5cf13accae3222c70a9cac40818ae839,10.148387096774194,4.438709677419355,156
5d0363b33554b373851fc1622e4d5f3c,12.340425531914894,4.052631578947368,95
5d3bb11474a06bdc23fb9e89f1164ee0,9.34375,3.9375,32
5dceca129747e92ff8ef7a997dc4f8ca,10.769679300291545,3.991228070175439,346
5debea795b07621e1f90532e18f96145,9.818181818181818,4.2727272727272725,33
5f1dc28029d2c244352a68107ec2b542,8.85897435897436,4.428571428571429,78
5f2684dab12e59f83bef73ae57724e45,9.849315068493151,3.77027027027027,74
5f3ae9136c875522250f8184f253413a,7.2,4.5777777777777775,46
5f5b43b2bffa8656e4bc6efeb13cc649,13.517241379310345,4.448275862068965,29
602044f2c16190c2c6e45eb35c2e21cb,15.448275862068966,2.9322033898305087,60
6039e27294dc75811c0d8a39069f52c0,17.466666666666665,3.8421052631578947,76
6061155addc1e54b4cfb51c1c2a32ad8,5.628571428571429,4.714285714285714,35
609e1a9a6c2539919b8205cf7c4e6ff0,9.892307692307693,3.598360655737705,130
612170e34b97004b3ba37eae81836b4c,10.49090909090909,4.427272727272728,110
620c87c171fb2a6dd6e8bb4dec959fc6,12.429479034307496,4.215189873417722,804
624f4ece8da4aafb77699233d480f8ef,13.018518518518519,4.185185185185185,55
6288c69c4ce638e59925e59193f98b16,9.05,3.9545454545454546,22
6338ea67c41078a46ad99cc009654956,12.659090909090908,4.609756097560975,44
634964b17796e64304cadf1ad3050fb7,14.077399380804954,3.8584615384615386,326
638cba8be1fb599bbb76fd6948351eb3,7.913043478260869,4.62962962962963,27
63b464dbf392c7b80d12d932fa7cafed,12.81578947368421,3.6923076923076925,39
640e21a7d01df7614a3b4923e990d40c,9.992647058823529,4.262773722627737,137
6426d21aca402a131fc0a5d0960a3c90,10.434782608695652,4.173913043478261,23
643214e62b870443ccbe55ab29a4dccf,9.045454545454545,4.426470588235294,68
6481e96574816ead57975da2c0f6d80d,6.767441860465116,4.1395348837209305,43
6560211a19b47992c3666cc44a7e94c0,9.068431568431569,3.9094059405940595,2039
6562efe88ce0826a4ca4f189f03b4b84,15.090909090909092,4.043478260869565,23
65b081a070633e057c462abdd6fb9dd8,11.25,4.35,20
65febd49fd28ec955651299159b1f527,6.605263157894737,4.225,40
66922902710d126a0e7d26b0e3805106,10.961290322580645,4.451612903225806,156
669ae81880e08f269a64487cfb287169,11.481283422459892,4.101604278074866,188
66dc1b1632bd6a3e508510c5b3492107,10.0,3.4285714285714284,42
66e0557ecc2b4dbea057e93f215f68d8,31.3,3.935483870967742,31
66fd84ee7528c0c0de85d0f44a73d5ab,14.285714285714286,2.9047619047619047,21
670c26e0f1bf8d0576271d5cfaec6d2b,13.255813953488373,4.310344827586207,87
671585f5a2af58b6e276bc01003c0d2b,5.148148148148148,4.703703703703703,27
679769a98cfcc6da877c8486ff1c13f3,9.095238095238095,4.571428571428571,21
67bf6941ba2f1fa1d02c375766bc3e53,11.45,4.0,22
681fce914360217db47784ae28905a96,12.333333333333334,3.869565217391304,24
6860153b69cc696d5dcfe1cdaaafcf62,9.773809523809524,4.156626506024097,84
688756f717c462a206ad854c5027a64a,10.41,3.7676767676767677,102
6973a06f484aacf400ece213dbf3d946,14.827272727272728,3.5258620689655173,117
6a0cbc8af2e8abd1bdfb777943d174c6,15.117647058823529,4.0588235294117645,35
6a38087bc8ad4f89ff453561005f6dea,11.636363636363637,4.409090909090909,22
6a51fc556dab5f766ced6fbc860bc613,14.709677419354838,3.9393939393939394,33
6a8a889bde935bafa76d7848782dfaf9,7.166666666666667,3.933333333333333,30
6a8b085f816a1f75f92dbac6eb545f8f,14.0,4.117647058823529,136
6aa3928696eab49a19a466e665a649fd,7.681818181818182,4.545454545454546,22
6b15924333bd1a741595fe981ea04822,7.285714285714286,4.666666666666667,21
6b243f80ed07b10f0e8aa0f21a205f3c,10.561797752808989,4.022471910112359,89
6b3bd31ad8fcda4b2635ec9f3ff2ecdf,12.380952380952381,3.86046511627907,43
6b536a23086fba0d58c08d68814397f6,13.681818181818182,3.9130434782608696,23
6b90f847357d8981edd79a1eb1bf0acb,5.020833333333333,4.375,48
6c177e38df6d3f34182b1f1d427231bf,13.87037037037037,4.035714285714286,56
6c7d50c24b3ccd2fd83b44d8bb34e073,11.634920634920634,4.3858267716535435,128
6cd68b3ed6d59aaa9fece558ad360c0a,9.961783439490446,4.445859872611465,157
6d66611d7c44cc30ce351abc49a68421,11.632183908045977,3.913793103448276,176
6d803cb79cc31c41c4c789a75933b3c7,12.205882352941176,4.279411764705882,68
6d988d6174a2c27441597174f8905515,18.82608695652174,4.260869565217392,23
6df688df543f90e9b38f4319e75a9d88,7.7272727272727275,4.517857142857143,56
6e386f64c84e482f0b9abf960797ee1b,9.862068965517242,4.607142857142857,30
6ec1a01e866584bb679eb9b098345919,14.290322580645162,4.133333333333334,32
6edacfd9f9074789dad6d62ba7950b9c,8.566820276497696,4.360730593607306,220
6f892e20a171e98efe17fdb971ff319b,16.34,3.730769230769231,53
6fc26fe110feebd80a433e1f012a84f9,10.958333333333334,4.014705882352941,72
6fd52c528dcb38be2eea044946b811f8,20.642857142857142,3.5,84
7008613ea464bad5cb9b83456e1e6a8f,13.631578947368421,4.27741935483871,156
701938c450705b8ae65fc923b70f35c7,11.963963963963964,3.765765765765766,112
7040e82f899a04d1b434b795a43b4617,9.802690582959642,3.528888888888889,228
709e16e2b25c7474d980076c6bfc4806,10.0125,4.525,80
70a12e78e608ac31179aea7f8422044b,14.235294117647058,3.7699386503067487,328
70c27847eca8195c983ed7e798c56743,10.408163265306122,4.204081632653061,98
70eea00b476a314817cefde4aad4f89a,12.876106194690266,4.353982300884955,115
71039d19d4303bf9054d69e9a9236699,12.921052631578947,3.6842105263157894,38
710e3548e02bc1d2831dfc4f1b5b14d4,13.83941605839416,3.397163120567376,142
712e6ed8aa4aa1fa65dab41fed5737e4,23.348837209302324,3.4597701149425286,88
7139dc5186aa238b006e066d8fbab2e4,13.708333333333334,4.086956521739131,24
7142540dd4c91e2237acb7e911c4eba2,14.281818181818181,4.042168674698795,334
715bbd5ba4e6b74cb0d2f29eb45058b0,11.5,4.46875,64
7178f9f4dd81dcef02f62acdf8151e01,15.11520737327189,4.032258064516129,218
718539d38d07dd351c76db862760e2e2,7.534883720930233,4.333333333333333,45
7202e2ba20579a9bd1acb29e61fe71f6,12.754716981132075,3.8333333333333335,55
725c32fa80c2faacc4fc88450d27314e,9.096774193548388,4.538461538461538,93
7299e27ed73d2ad986de7f7c77d919fa,10.810055865921788,4.421052631578948,361
729b2d09b2a0bdab221076327f13d050,11.783333333333333,4.524590163934426,61
729f06993dac8e860d4f02d7088ca48a,10.336283185840708,4.2894736842105265,115
72c5da29406b4234927b81855e7b64f6,10.258064516129032,4.129032258064516,31
730937bf88cb151eb2eb849f642fc213,6.730769230769231,4.423076923076923,26
73a63f72308aa20a46f4b1632018f196,10.857142857142858,4.05,41
744dac408745240a2c2528fb1b6028f3,10.662650602409638,4.5476190476190474,84
750303a20e9c56b2a6bc45cdce0b897d,13.160714285714286,4.280701754385965,57
751bdc4d83a466c7206cd42e8f426b03,10.842857142857143,3.5492957746478875,73
75d34ebb1bd0bd7dde40dd507b8169c3,15.582089552238806,3.8194444444444446,72
75fbb52eda0cbc24f479d3b2fbfa8d3e,13.463414634146341,4.404761904761905,43
7681ef142fd2c19048da7430856b5588,10.051948051948052,4.131578947368421,78
76d5af76d0271110f9af36c92573f765,11.04516129032258,4.082278481012659,159
76d64c4aca3a7baf218bf93ef7fa768d,10.2,4.128571428571429,70
7722b1df1b0e383e000397b2c11e3e19,8.13888888888889,4.222222222222222,145
77530e9772f57a62c906e1c21538ab82,14.591145833333334,4.053846153846154,392
77a515caa36327151d1cc6c32a9f00e1,9.884615384615385,4.423076923076923,26
784ba75dd9d20200c4caed3d7a77141a,12.652173913043478,3.64,25
78c99c6dff4eeae5be99bf635ed21e3f,13.564102564102564,4.333333333333333,39
7901646fdd36a55f564ffaf2dbccaaf7,9.37037037037037,4.444444444444445,27
79ebd9a61bac3eaf882805ed4ecfa12a,14.816901408450704,4.006896551724138,145
79ed755314cfe6df0daef2c6cd3022cd,8.8,4.695652173913044,25
7a241947449cc45dbfda4f9d0798d9d0,12.212121212121213,3.5774647887323945,72
7a67c85e85bb2ce8582c35f2203ad736,10.668679896462468,4.234991423670669,1175
7aa4334be125fcdd2ba64b3180029f14,15.514767932489452,4.054621848739496,240
7ad32824caee82087b3e2e5f33b1bf32,11.0,3.7679558011049723,184
7ade73f1b9b4e965f9009a4c3a7e2c15,9.11111111111111,4.777777777777778,28
7b07b3c7487f0ea825fc6df75abd658b,9.03125,4.336734693877551,98
7b0df942f46435babab05d49b744b2c4,10.625,4.387096774193548,32
7b1222c3624aa89b9558b50a2594188c,17.272727272727273,4.454545454545454,22
7c5b05cbdb5542049f38d90d7815b97d,7.3478260869565215,4.416666666666667,24
7c67e1448b00f6e969d365cea6b010ab,21.94143484626647,3.348207754206291,1375
7d13fca15225358621be4086e1eb0964,15.22416812609457,4.001742160278746,578
7d456afc660226829370f3173d14520c,8.604395604395604,4.290322580645161,93
7d76b645482be4a332374e8223836592,12.814207650273223,3.9297297297297296,187
7dc8c42cc750eeafea6c85712ffee9bf,8.08,4.26,50
7ddcbb64b5bc1ef36ca8c151f6ec77df,12.211940298507463,3.903225806451613,344
7e1fb0a3ebfb01ffb3a7dae98bf3238d,15.14792899408284,4.133720930232558,174
7e26c750b4cb9f6766f58265ff9ebe95,9.0,4.407407407407407,27
7e3f87d16fb353f408d467e74fbd8014,12.182795698924732,4.127659574468085,94
7e93a43ef30c4f03f38b393420bc753a,10.832298136645962,4.206489675516224,340
7ea5bfa6c340f58f8e71fc1f0412b0d6,12.343137254901961,4.077669902912621,104
7ecd59e5e20407131822c1a68ac59c1f,17.17241379310345,4.482758620689655,29
7f152321c60a266edc53af1925ef96c1,23.1,3.8,20
7f2617c58d5d06806987308b45654351,11.73913043478261,3.869565217391304,23
7f7b8245c336066a1f9933c359f11d77,7.395348837209302,4.558139534883721,43
808d4348b916efa08e766ebad39f61eb,7.6,4.428571428571429,21
8090490573c6c0aa343a7231ebcb8c86,9.653846153846153,4.1923076923076925,26
80e6699fe29150b372a0c8a1ebf7dcc8,11.03061224489796,4.292929292929293,100
813348c996469b40f2e028d5429d3495,9.712820512820512,4.0,202
8160255418d5aaa7dbdc9f4c64ebda44,16.33255269320843,3.839160839160839,434
817245bcc3badd82bbd222e0366951a6,10.590909090909092,4.073170731707317,45
81a1104df0f08b59c68aa5b03cfe398e,12.375,4.267605633802817,73
81f89e42267213cb94da7ddc301651da,7.3076923076923075,3.5384615384615383,52
821fb029fc6e495ca4f08a35d51e53a5,15.96,3.4285714285714284,29
822166ed1e47908f7cfb49946d03c726,13.536363636363637,3.9444444444444446,110
827f8f69dfa529c561901c4f2e0f332f,12.80952380952381,4.252427184466019,105
82bd0703a4aefd6b599e5bfdaed378fb,11.708333333333334,3.6,25
82e0a475a88cc9595229d8029273f045,14.654761904761905,3.3176470588235296,85
834f3294fba9f932f56edc879193f925,13.878787878787879,4.545454545454546,66
834f8533b2ecb6598dd004ff3de7203a,14.479166666666666,3.76,50
835f0f7810c76831d6c7d24c7a646d4d,18.041666666666668,3.3,50
83deb69e889cf80f82be1dc6d5f2d486,15.261904761904763,4.357142857142857,42
83e197e95a1bbabc8c75e883ed016c47,10.092592592592593,4.745454545454545,55
8444e55c1f13cd5c179851e5ca5ebd00,20.784313725490197,3.073394495412844,109
845e8036c3f7bf62099352f5ed910240,7.75,3.8333333333333335,24
850913d59ce317156b00f3705f1c3edb,13.066666666666666,3.3529411764705883,34
850f4f8af5ea87287ac68de36e29107f,9.732984293193716,4.287234042553192,192
855668e0971d4dfd7bef1b6a4133b41b,15.753993610223642,3.7253086419753085,329
8581055ce74af1daba164fdbd55a40de,12.331018518518519,4.230769230769231,443
85d9eb9ddc5d00ca9336a2219c97bb13,14.279611650485437,4.172413793103448,525
8648b1e89e9b349e32d3741b30ec737e,9.03921568627451,4.038095238095238,105
86ccac0b835037332a596a33b6949ee1,11.380952380952381,4.004739336492891,212
870d0118f7a9d85960f29ad89d5d989a,14.953125,4.0625,64
87142160b41353c4e5fca2360caf6f92,10.307017543859649,4.366568914956011,342
88460e8ebdecbfecb5f9601833981930,17.886731391585762,3.3516129032258064,311
888faa8bfb0b159c37de6d898b961c31,7.869565217391305,3.869565217391304,23
891071be6ba827b591264c90c2ae8a63,12.692307692307692,3.717171717171717,99
8931a84a914b3fe9b1ddaa4d704947ca,12.53125,3.774193548387097,32
897060da8b9a21f655304d50fd935913,14.326139088729017,3.395348837209302,434
89bc797e2e29667aa035d4368f9b7f92,14.473684210526315,3.75,20
8a130737016f838139d31878787a39c9,9.758064516129032,4.354838709677419,62
8a32e327fe2c1b3511609d81aaf9f042,8.573099415204679,3.783333333333333,182
8a432f4e5b471f8da497d7dc517666e2,7.452830188679245,4.201923076923077,106
8ab42aa58097fd4668d60cc648225d5f,10.692307692307692,4.153846153846154,26
8ae520247981aa06bc94abddf5f46d34,10.492307692307692,4.446153846153846,65
8b2492b7ff4468839593fafeed55bad9,14.622222222222222,3.888888888888889,45
8b28d096634035667e8263d57ba3368c,13.874172185430464,3.861842105263158,155
8b321bb669392f5163d04c59e235e066,12.172139303482586,3.995069033530572,1018
8b9d6eec4a7eb7d0f9d579ce0b38324d,9.596153846153847,4.056603773584905,53
8bb48dc19fccaa8613b6229bf7f452a2,10.729166666666666,4.34375,96
8bd0f31cf0a614c658f6763bd02dea69,9.542857142857143,4.205882352941177,35
8c16d1f32a54d92897cc437244442e1b,10.508474576271187,4.327586206896552,118
8c5e007d7bd5693fa1386ffefbc99f6c,11.5,4.166666666666667,24
8cbac7e12637ed9cffa18c7875207478,13.11111111111111,4.146341463414634,82
8cc6a0e5738e61a87b03c78b2ba9db4b,16.125,4.153846153846154,26
8d79c8a04e42d722a75097ce5cbcf2ef,19.11111111111111,4.464285714285714,28
8d956fec2e4337affcb520f56fd8cbfd,8.81578947368421,4.192139737991266,229
8e6cc767478edae941d9bd9eb778d77a,16.063636363636363,3.9035087719298245,116
8e6d7754bc7e0f22c96d255ebda59eba,13.613636363636363,3.0150375939849625,133
8e8a7ce9f2f970dc00e2acf6f6e199f6,12.061538461538461,4.0,67
8f119a0aee85c0c8fc534629734e94fd,9.481481481481481,4.216867469879518,83
8f2ce03f928b567e3d56181ae20ae952,13.970930232558139,4.063218390804598,175
8f78f0903005064036736c7173a5c2ed,17.952380952380953,3.4761904761904763,21
8fdca8e349553f99bc738833a62c8802,9.793103448275861,4.357142857142857,29
900ba814c251a692506d7834c1218441,12.081395348837209,4.188235294117647,88
903037660cf848a717166eb7a06d616e,11.101694915254237,3.7666666666666666,60
916748bc99315c2d202898ae58b1617e,9.875,4.34375,32
916c9de0b5ad957346eeeb12f332687e,7.7407407407407405,4.392857142857143,28
91f848e9f4be368f4318775aac733370,9.830985915492958,4.277777777777778,74
92eb0f42c21942b6552362b9b114707d,12.949720670391061,3.930939226519337,365
93b9a99027bd8bd6af682aff18dd19bf,10.9,4.1,21
93dc87703c046b603023e75222018b45,19.235294117647058,4.0,36
94144541854e298c2d976cb893b81343,11.818181818181818,4.2894736842105265,77
94e93ce877be27a515118dbfd2c2be41,12.794117647058824,3.9411764705882355,35
951e8cef368f09bb3f3d03c00ca4702c,8.681159420289855,4.117647058823529,71
955fee9216a65b617aa5c0531780ce60,10.293758480325645,4.0517125587642715,1501
9596c870880d900012f2e8e6e30d06d7,13.08695652173913,4.041666666666667,24
95e03ca3d4146e4011985981aeb959b9,11.869791666666666,3.994818652849741,195
95ec4458365c4d11f452ccf538377619,5.290322580645161,4.266666666666667,31
95f83f51203c626648c875dd41874c7f,10.692307692307692,3.176470588235294,68
960945e1a9535cbc0cd6ddd35fbe7ae8,5.586206896551724,4.655172413793103,29
9616352088dcf83a7c06637f4ebf1c80,11.96938775510204,4.242424242424242,99
9646c3513289980f17226a2fc4720dbd,12.06578947368421,4.256410256410256,78
96493fab2fbb13a14d0c0e8772eef5c3,12.890625,4.031746031746032,64
966cb4760537b1404caedd472cc610a5,9.441176470588236,3.8533333333333335,76
9674754b5a0cb32b638cec001178f799,7.622448979591836,4.03,100
96804ea39d96eb908e7c3afdb671bb9e,12.948717948717949,3.9,40
972d0f9cf61b499a4812cf0bfa3ad3c4,17.75581395348837,2.9642857142857144,88
973f21788dfab357250f69a8dcb7ddee,20.68421052631579,2.3333333333333335,21
974cf2cb8f4b7add98709c30df02fe10,10.7,4.0606060606060606,33
977f9f63dd360c2a32ece2f93ad6d306,12.083333333333334,3.8,25
98dac6635aee4995d501a3972e047414,8.010526315789473,3.8756476683937824,195
99002261c568a84cce14d43fcffb43ea,16.36111111111111,3.7222222222222223,36
994f04b3718c2bab35c2adfa8afecd2a,13.036363636363637,4.280701754385965,57
99a54764c341d5dc80b4a8fac4eba3fb,6.651515151515151,3.4696969696969697,67
99eaacc9e6046db1c82b163c5f84869f,14.522388059701493,3.9,70
9add47bf45ce8e8c7db6b9cf670b1e09,11.720930232558139,4.204545454545454,45
9b00ed88b7fdb95d6ff76e27c1b52d16,8.5,4.509803921568627,51
9b013e03b2ab786505a1d3b5c0756754,7.577272727272727,4.0,225
9baf5cb77970f539089d09a38bcec5c3,14.25,4.333333333333333,33
9bcdfa7b615b3abb9461d9e3ad9886ae,10.65,4.6,20
9c0e69c7bf2619675bbadf47b43f655a,14.647058823529411,3.9951923076923075,210
9d4db00d65d7760644ac0c14edb5fd86,7.656565656565657,4.515151515151516,100
9d5a9018aee56acb367ba9c3f05d1d6a,13.91025641025641,4.405063291139241,79
9dda5bbacd45e18d6485fee649205d09,14.227272727272727,4.2272727272727275,22
9de4643a8dbde634fe55621059d92273,14.444444444444445,4.530864197530864,81
9e6229250fedbe05838fef417b74e7fb,11.324675324675324,3.8974358974358974,78
9f505651f4a6abe901a56cdc21508025,7.737704918032787,4.283372365339578,431
a1043bafd471dff536d0c462352beb48,13.123670212765957,4.189048239895698,770
a17f621c590ea0fab3d5d883e1630ec6,11.217948717948717,4.092105263157895,80
a2e874074c877c5a05abae80ad6e488f,18.738095238095237,3.9130434782608696,46
a36b125ac6d5fdbc7f50de85c9157bdc,12.44,4.038461538461538,26
a3a38f4affed601eb87a97788c949667,11.976923076923077,4.388461538461539,263
a3dd39f583bc80bd8c5901c95878921e,12.052631578947368,4.605263157894737,38
a3e9a2c700480d9bb01fba070ba80a0e,12.789115646258503,4.013698630136986,148
a3f0b55de503387383c7b1de3ad7f678,10.038461538461538,4.384615384615385,26
a416b6a846a11724393025641d4edd5e,12.142045454545455,4.1602209944751385,181
a420f60ff1aa9acc80d0e42959f2b313,10.884057971014492,3.925373134328358,69
a49928bcdf77c55c6d6e05e09a9b4ca5,16.51923076923077,2.952830188679245,106
a5a1bfcf728ab0e19182959cf0771ee4,13.083333333333334,4.291666666666667,24
a5cba26a62b8b4d0145b68b841e62e7f,12.796296296296296,4.527272727272727,55
a673821011d0cec28146ea42f5ab767f,12.055555555555555,3.8865248226950353,149
a6fe7de3d16f6149ffe280349a8535a0,14.352941176470589,4.0,52
a7f13822ceb966b076af67121f87b063,21.523809523809526,3.4352941176470586,86
a888faf2d1baececa6baf9c3d603ee1f,17.38888888888889,4.054545454545455,55
a938325a4b357fd23a6a4d5bb126408e,12.72,3.88,25
aac29b1b99776be73c3049939652091d,13.902255639097744,3.9398496240601504,140
aae3bfea055532c57fb453ed3ec80b30,11.98,3.5510204081632653,50
aaed1309374718fdd995ee4c58c9dfcd,11.702702702702704,4.053571428571429,112
aafe36600ce604f205b86b5084d3d767,11.98473282442748,4.3816793893129775,131
aba1721a889e04decc910aa13b768ef4,8.804347826086957,4.456521739130435,92
abcd2cb37d46c2c8fb1bf071c859fc5b,13.176470588235293,4.25,52
abe42c5d03695b4257b5c6cbf4e6784e,13.877551020408163,3.9183673469387754,50
ac3508719a1d8f5b7614b798f70af136,8.930693069306932,4.568627450980392,104
acce39e832338debb07b02385cde5967,6.636363636363637,4.4772727272727275,44
aced59e9b31ef866a94f9e7f29d8d418,9.202898550724637,4.434782608695652,69
ad420dd0c4f92f8af951ac24b86d0cf5,14.282608695652174,4.159090909090909,46
ad781527c93d00d89a11eecd9dcad7c1,25.026315789473685,3.0681818181818183,44
adbc26658d6c7b4b6219f9d934598091,16.804347826086957,4.054347826086956,92
adcf50477d6a1f5d91bb9d54c4903cb5,24.0,3.1315789473684212,38
af3ef48d0e13835e529c29ac573c63e5,7.476190476190476,3.761904761904762,21
af4a0e4cfe1d9c26b6712b1be25a72e5,12.384615384615385,3.5,26
afe0067131b73e40875c9b6c10bd2e21,14.977777777777778,4.2,46
b14db04aa7881970e83ffa9426897925,15.085714285714285,3.764705882352941,111
b17b679f4f5ce2e03ce6968c62648246,18.607843137254903,3.6140350877192984,57
b18871c324516afa228a13e8f1ef0ae9,6.782608695652174,3.9565217391304346,23
b18dc380845b24038cfc48006478f099,13.520833333333334,3.9245283018867925,54
b19f3ca2ea475913750f25a5c37c8d8f,18.0,2.7916666666666665,24
b1a81260566c1bac3114a6d124413f27,8.074074074074074,4.222222222222222,54
b1ac6ea7895bc3dd6f0f6f4abbdd2821,9.710526315789474,4.2682926829268295,41
b1fc4f64df5a0e8b6913ab38803c57a9,15.256198347107437,3.7815126050420167,121
b1fecf4da1fa2689bccffa0121953643,10.2,4.95,20
b2479f944e1b90cf8a5de1bbfde284d6,14.924242424242424,3.2857142857142856,134
b2a6d334e2833acea353624840e25a0e,10.346153846153847,4.5,26
b2ac621f0d0322434d04a12b078b9369,14.2,4.4,30
b2ba3715d723d245138f291a6fe42594,13.48,4.108333333333333,363
b32be1695eb7ec5f10f72d9610a12527,11.911111111111111,4.088888888888889,46
b335c59ab742f751a85db9c411a86739,16.35483870967742,3.6857142857142855,35
b33e7c55446eabf8fe1a42d037ac7d6d,15.967105263157896,4.15483870967742,155
b347677812ea483b0f528eaf8cbc09b7,12.857142857142858,4.523809523809524,21
b372ee768ed69e46ca8cdbd267aa7a38,11.985714285714286,4.4,70
b39d7fe263ef469605dbb32608aee0af,12.833333333333334,3.75,49
b410bdd36d5db7a65dcd42b7ead933b8,8.761904761904763,4.659090909090909,44
b494891378bd8f4560abe576c52deacd,4.666666666666667,4.636363636363637,22
b499c00f28f4b7069ff6550af8c1348a,10.617486338797814,4.1436170212765955,188
b4a476fbd28de64b1e347abf9089366a,11.342857142857143,3.7567567567567566,38
b4f8921fcc4ff77b66bea6dda43dcd51,7.1,4.6,20
b4ffb71f0cb1b1c3d63fad021ecf93e1,9.461988304093568,4.023255813953488,172
b561927807645834b59ef0d16ba55a24,12.031578947368422,4.336842105263158,95
b56906f7fd1696e043f1bcce164c487b,13.095238095238095,3.9523809523809526,42
b64d51f0435e884e8de603b1655155ae,7.565217391304348,4.130434782608695,23
b6d44737c043328708f6749c2dbe50bd,7.455696202531645,4.525,80
b74d1c09cb380e1d03a6f859c6f4224b,11.026315789473685,4.205128205128205,39
b76dba6c951ab00dc4edf0a1aa88037e,9.778443113772456,4.149700598802395,169
b839e41795b7f3ad94cc2014a52f6796,6.527777777777778,4.027777777777778,36
b83cedfb587e7911540e3f576d6917ce,9.72,4.24,25
b8555308bfdb4ca1ed54325a58da9a97,9.892857142857142,4.071428571428571,28
b8bc237ba3788b23da09c0f1f3a3288c,11.48936170212766,4.3478260869565215,47
b90e891671cffd9557f33a97dc523645,7.102564102564102,4.128205128205129,39
b92e3c8f9738272ff7c59e111e108d7c,15.859154929577464,4.070422535211268,71
b94cc9f10ddc85e4ba73a6f7974e7101,10.102564102564102,4.297297297297297,39
ba143b05f0110f0dc71ad71b4466ce92,9.892857142857142,4.423529411764706,86
ba90964cff9b9e0e6f32b23b82465f7b,9.631578947368421,4.421052631578948,38
bacb1f0ed56ad24198f5810d2b3fe9a5,9.289473684210526,4.075,42
bb135baca94c82fcb731335ad5b04a03,7.7105263157894735,2.6578947368421053,38
bba74270a87732727b5a3b4fd9ac1c39,8.9,3.8048780487804876,41
bbad7e518d7af88a0897397ffdca1979,14.785714285714286,3.0357142857142856,85
bc2ac6b95e1accce9858528ee566c17e,4.409090909090909,4.636363636363637,22
bc47d5d1490df2b36add65d733eafaba,12.863636363636363,3.28,25
bccf933e006e9b94a6184af782963e77,11.130434782608695,4.533333333333333,46
bd0389da23d89b726abf911cccc54596,13.011111111111111,4.2,90
bd23da7354813347129d751591d1a6e2,9.375,4.033333333333333,91
bd4889b5e9133b35b66e42a8665cea5c,9.761904761904763,4.463414634146342,42
bd697db56ff8e7c9cd1abeb7f72029b2,10.476190476190476,4.181818181818182,22
beadbee30901a7f61d031b6b686095ad,13.058823529411764,3.9411764705882355,68
bf00385a5f7fc1ef39a13c2e9ee50a5f,5.428571428571429,4.310344827586207,29
bf100ecb7997df312b285358fb32f92c,9.095238095238095,4.368421052631579,21
bf3c6d2a28b2b5501e6c15448982dcc9,10.162790697674419,4.4186046511627906,43
bf84056e679dbe9c69929847a40e338f,11.947368421052632,3.725,40
bfd27a966d91cfaafdb25d076585f0da,11.904347826086957,4.2844827586206895,118
c003204e1ab016dfa150abc119207b24,9.27,4.422885572139304,202
c013e57c075a06e5b5c48ee03c525719,8.911111111111111,4.155555555555556,45
c0563dd588b775f2e37747ef6ad6c92c,10.392857142857142,4.357142857142857,28
c31eff8334d6b3047ed34bebd4d62c36,12.272727272727273,3.8524590163934427,123
c33847515fa6305ce6feb1e818569f13,9.0625,3.71875,128
c35672b10ad50968f567ea3f4b91e877,9.818181818181818,4.454545454545454,22
c3867b4666c7d76867627c2f7fb22e21,14.716049382716049,3.853281853281853,261
c3cfdc648177fdbbbb35635a37472c53,9.312101910828025,4.447284345047923,314
c60b801f2d52c7f7f91de00870882a75,15.512820512820513,3.317073170731707,41
c6381d2d013342748761e906d45aff76,16.392857142857142,3.0,28
c66dccfb3f109511246da627dd5a2498,10.886363636363637,4.488888888888889,45
c68fb906c8f4b4b946d8386bfa6e5467,10.645833333333334,4.51063829787234,48
c6bda72e4dbf5c5866b13cb1810c6d03,9.716666666666667,4.383333333333334,60
c70c1b0d8ca86052f45a432a38b73958,7.241071428571429,4.3014925373134325,338
c72de06d72748d1a0dfb2125be43ba63,9.136363636363637,4.454545454545454,22
c731d18cea9bf687ffee82a241c25b11,7.076923076923077,3.96,26
c826c40d7b19f62a09e2d7c5e7295ee2,12.745205479452055,4.0431266846361185,373
c8417879a15366a17c30af34c798c332,8.8,4.0285714285714285,36
c8467937e403e76a8ee9f0ab13f6f5ef,16.21212121212121,4.133333333333334,33
c847e075301870dd144a116762eaff9a,16.261904761904763,4.166666666666667,43
c864036feaab8c1659f65ea4faebe1da,11.793103448275861,4.568965517241379,58
c8b0e2b0a7095e5d8219575d5e7e1181,9.670588235294117,4.0476190476190474,85
c8b3445d737de6befde0c88ede534a5e,11.027777777777779,3.9722222222222223,36
c9aafcd0621b2207c10e32c649cada4d,8.595744680851064,4.019230769230769,52
c9c7905cffc4ef9ff9f113554423e671,10.642857142857142,4.164285714285715,140
ca3bd7cd9f149df75950150d010fe4a2,13.296296296296296,3.7246376811594204,138
cab85505710c7cb9b720bceb52b01cee,9.723300970873787,4.285714285714286,211
cac4c8e7b1ca6252d8f20b2fc1a2e4af,19.457831325301203,3.5180722891566263,84
cac876b37d3abcd6bd76caca30277996,11.696969696969697,4.5625,33
cb3dd9ce66268c7a3ca7241ac70ab58c,12.90566037735849,4.2,55
cb8bcce248bb1fb274ba762d8b971456,12.074626865671641,4.260869565217392,69
cbd996ad3c1b7dc71fd0e5f5df9087e2,12.34920634920635,4.081081081081081,196
cc3d14116804f7209f3884f6367f1152,12.566666666666666,4.666666666666667,30
cc419e0650a3c5ba77189a1882b7556a,11.089255258669699,4.0695748205411375,1819
cc5a78bbad32776dc4e3af205218368c,7.184210526315789,4.473684210526316,38
cc63f0dd2acba93ffed4fe9f8e0321fa,8.555555555555555,4.0476190476190474,63
cca3071e3e9bb7d12640c9fbe2301306,13.675837320574162,3.851985559566787,849
ccc4bbb5f32a6ab2b7066a4130f114e3,15.365079365079366,4.282722513089006,192
cce6ab8d1682639fe45ab70234f1665f,14.9375,4.4393939393939394,66
ccf8813e5a7d6c84d865cd38bfc2b130,11.115384615384615,4.384615384615385,26
cd06602b43d8800bd0afad514919d35c,11.423076923076923,3.6792452830188678,53
cd68562d3f44870c08922d380acae552,16.286821705426355,3.8396946564885495,132
cd6efc47efaabf134f8bdb654e10b4f1,8.09375,4.5,32
ce248b21cb2adc36282ede306b7660e5,15.151515151515152,4.208955223880597,67
ce27a3cc3c8cc1ea79d11e561e9bebb6,9.66225165562914,3.8652482269503547,165
ce616e1913288884e7742faac9d981db,7.090909090909091,4.666666666666667,24
ce7d1888639e6fb06b2749cbfdac1ff7,13.726190476190476,4.107142857142857,84
cea729054f157f5870bdd321a958d994,6.884615384615385,4.1923076923076925,26
ceaec5548eefc6e23e6607c5435102e7,12.451456310679612,4.14975845410628,211
cee48807215b30a12ca2ca10ffb5f250,23.025,3.7,40
cfa5ab0e4d3fc212fd0b3410e7081c62,13.65,3.5238095238095237,21
cfb1a033743668a192316f3c6d1d2671,11.391304347826088,3.9308510638297873,189
cfe94489ddd337d1e29e12f2a7205d10,7.333333333333333,4.125,24
d03698c2efd04a549382afa6623e27fb,15.142857142857142,4.523809523809524,21
d05ae8f7a5bd1d2a690a44cd079e4e27,10.775,3.7875,81
d12c926d74ceff0a90a21184466ce161,8.030303030303031,4.089108910891089,101
d13e50eaa47b4cbe9eb81465865d8cfc,4.573529411764706,4.811594202898551,69
d1b65fc7debc3361ea86b5f14c68d2e2,8.625,4.560975609756097,41
d1c281d3ae149232351cd8c8cc885f0d,11.919354838709678,3.8137651821862346,249
d1ef48b38baca7e831711c4a0aeb398f,9.323529411764707,4.428571428571429,35
d20b021d3efdf267a402c402a48ea64b,16.135922330097088,3.650943396226415,107
d23019c84ffae2d5ef2270367b8605fc,10.717948717948717,4.410256410256411,39
d2374cbcbb3ca4ab1086534108cc3ab7,13.56811145510836,3.6363636363636362,657
d25aa0aaacb370e912f8cf6efeba38b3,8.523809523809524,4.523809523809524,21
d354c38a7182125a748cb10474fe963b,12.68421052631579,4.315789473684211,20
d3674f271c91f824f82d24d92011f669,13.35,4.1,20
d379f449f2a3b271bc01c0782020f705,13.068965517241379,3.9310344827586206,29
d3f39f05462b79a4562d35893a28f159,11.756756756756756,3.3684210526315788,38
d4e12e7884759a14fa0f5f896c791cae,7.84375,4.625,32
d50d79cb34e38265a8649c383dcffd48,12.628571428571428,4.246376811594203,70
d51e0a403fe2e689ece6c73359d96e12,12.48,4.230769230769231,26
d566c37fa119d5e66c4e9052e83ee4ea,5.342465753424658,4.71830985915493,73
d57e18d5f73c7ccb7f7339b61166898d,8.666666666666666,4.444444444444445,63
d5ba419e26d246a0719437cf37d9b46d,9.352941176470589,3.823529411764706,35
d624126b9206f595fb3fbb6ba03b28a8,9.535714285714286,4.333333333333333,28
d650b663c3b5f6fb392b6326366efa9a,9.31578947368421,4.2,60
d66c305afaec317ebee552073a674429,9.355555555555556,4.395833333333333,48
d673a59aac7a70d8b01e6902bf090a11,13.31764705882353,3.976470588235294,85
d6b1ce66b035a475f00c017792ff9769,9.685185185185185,4.165048543689321,108
d71d863e5ef30d94e440c11be17dcd8f,19.333333333333332,3.242424242424242,36
d8c7ba53e7e38711eaef8c2849d6d2e1,7.636363636363637,4.5,22
d91fb3b7d041e83b64a00a3edfb37e4f,10.86101083032491,4.098039215686274,565
d921b68bf747894be13a97ae52b0f386,9.493506493506494,4.558441558441558,77
d93919c944be9cff128f6c9cb899eacb,22.575757575757574,4.0,33
d9442042130b7fe579d1295f9f4a248f,10.863636363636363,4.2272727272727275,22
d94a40fd42351c259927028d163af842,13.238532110091743,4.102803738317757,110
d97df38225e5abadaff1e72cb72b823c,11.607142857142858,3.925925925925926,29
d98eec89afa3380e14463da2aabaea72,8.054347826086957,4.2896174863387975,184
d9a84e1403de8da0c3aa531d6d108ba6,7.0344827586206895,4.559322033898305,59
d9bd94811c3338dceb4181f3dbc0c73e,7.262295081967213,4.819672131147541,61
da8622b14eb17ae2831f4ac5b9dab84a,10.709102482495226,4.071428571428571,1574
daeb5653dd96c1b11860f72209795012,11.731707317073171,4.069767441860465,43
db2956745b3a8e9f3785c99f34b5d25e,13.978260869565217,3.7291666666666665,48
db4350fd57ae30082dec7acbaacc17f9,10.393103448275863,4.124137931034483,146
dbb9b48c841a0e39e21f98e1a6b2ec3e,9.466101694915254,4.203389830508475,118
dbc22125167c298ef99da25668e1011f,10.954545454545455,4.226107226107226,430
dbd66278cbfe1aa1000f90a217ca4695,8.606060606060606,4.454545454545454,99
dc317f341ab0e22f39acbd9dbf9b4a1f,11.758620689655173,4.120689655172414,58
dc4a0fc896dc34b0d5bfec8438291c80,13.356,3.744186046511628,258
dc8798cbf453b7e0f98745e396cc5616,13.069767441860465,3.1346153846153846,52
dd2bdf855a9172734fbc3744021ae9b9,14.666666666666666,3.7962962962962963,114
dd533b429f380718b70ad9922c294bae,16.325581395348838,3.7333333333333334,45
dd55f1bb788714a40e7954c3be6df745,18.2972972972973,3.810810810810811,37
dd7ddc04e1b6c2c614352b383efe2d36,14.352112676056338,3.76056338028169,143
ddd51ae8cda92f3995a51fc0f0f3eec7,6.44,4.6,25
de23c3b98a88888289c6f5cc1209054a,10.314606741573034,4.281767955801105,181
de722cd6dad950a92b7d4f82673f8833,12.36339522546419,4.159151193633952,379
dee656f0f566ed1aa85bd137c943f08f,12.01063829787234,4.382978723404255,95
df560393f3a51e74553ab94004ba5c87,17.51851851851852,3.7241379310344827,29
df56d7b40d437f88407c5f78b63bc328,11.72,3.88,25
dfa0c4c6229ab200a4a1336b4d7128ff,9.186046511627907,4.011627906976744,86
dfc475d54e1b6dbeeb7d7d9bdaa63827,12.5,4.380952380952381,21
dfc5fb7259bb2b599ca565e6e9448f0f,13.970588235294118,4.117647058823529,34
e067ad2c1c0b48758eb1b5228bcf7a68,14.0,4.131147540983607,61
e06f09ec0a4aca210779cf1cfc63cf19,14.545454545454545,4.03030303030303,33
e0878efa0e0b7e5313ac0b43bc04c081,18.0,3.466666666666667,30
e0a366315b1b726b6c7832d664c0f530,6.9411764705882355,4.333333333333333,51
e21a1e8be4715b0fcfd5385643bc49c4,16.130434782608695,3.6666666666666665,24
e24d3429d294b2eb200b064ebb035879,7.318181818181818,4.136363636363637,22
e24fc9fcd865784fb25705606fe3dfe7,12.181818181818182,4.196428571428571,56
e250d617a0ad591ba9bd663e584a895d,7.8,2.8,20
e26901d5ab434ce92fd9b5c256820a4e,8.78139534883721,4.0588235294117645,221
e2aee0892199b1d92530e371abd825bf,14.564102564102564,3.8048780487804876,41
e333046ce6517bd8bb510291d44f0130,9.554054054054054,4.391891891891892,74
e38db885400cd35c71dfd162f2c1dbcf,12.21875,4.5,32
e48b04bf1aa1ef711caebeb7aede6180,10.12,4.48,25
e49c26c3edfa46d227d5121a6b6e4d37,11.114285714285714,4.416666666666667,36
e59aa562b9f8076dd550fcddf0e73491,13.304878048780488,4.25,84
e5a3438891c0bfdb9394643f95273d8e,15.04417670682731,3.8149606299212597,257
e5a38146df062edaf55c38afa99e42dc,11.746031746031745,3.9523809523809526,127
e5e33c0d8e7e002f398f5dc4cbbb338f,11.407407407407407,4.344827586206897,29
e62b2d6ac10570a035a30bafcf01d263,14.267605633802816,3.8333333333333335,71
e63e8bfa530fb16910dd6956e592bb81,8.86046511627907,4.2727272727272725,44
e6a69c4a27dfdd98ffe5aa757ad744bc,9.782608695652174,3.6206896551724137,29
e7d5b006eb624f13074497221eb37807,10.53968253968254,3.111111111111111,63
e7df4cd29ab5abab70fb0783ddb53987,9.791666666666666,4.291666666666667,24
e84ad2127668df3aafc6b73531a0beb8,9.217391304347826,4.391304347826087,23
e882b2a25a10b9c057cc49695f222c19,8.966666666666667,4.6,60
e883aa812c37a7413226856f4579fe91,9.551724137931034,3.896551724137931,29
e89c4adbe7b1d0819dbb636e16461cf1,14.32,3.88,25
e8b3a3a38279a82f0e5d006d5e5b7d2c,16.46511627906977,3.7419354838709675,93
e8b4225284fbb02d16f200513f1f395d,9.666666666666666,4.193548387096774,31
e8f6dc8e6a1dcde89d20e3995c8d90b3,12.318181818181818,3.3541666666666665,48
e9511df20ccd82658a30c37b7fb343af,9.133333333333333,4.466666666666667,30
e96498ed8daaa3e9c23f7a62da76591c,14.735294117647058,3.9411764705882355,34
e9779976487b77c6d4ac45f75ec7afe9,9.384303112313937,4.167336010709505,751
e99e927c81e3f51739c94fcdfca9f10f,13.583333333333334,3.56,25
e9bc59e7b60fc3063eb2290deda4cced,14.103846153846154,3.9442379182156135,269
e9d99831abad74458942f21e16f33f92,12.114093959731544,3.9054054054054053,149
ea566164622c6b439516ab18062c42cd,13.807692307692308,3.75,52
ea67327e24487bdfac5fbfa37ea124df,8.117647058823529,3.5588235294117645,34
ea8482cd71df3c1969d7b9473ff13abc,12.8510101010101,3.953216374269006,1204
eb5b6204dde3a6e03b5f1bb8479f055b,10.19047619047619,3.857142857142857,21
ebd2d60905fb58271facef5596b620d3,12.388235294117647,4.125,88
ec4608a1f76453166bb312b2968aeaf4,13.620689655172415,2.6857142857142855,35
ec8879960bd2221d5c32f8e12f7da711,16.057142857142857,4.314285714285714,36
ececbfcff9804a2d6b40f589df8eef2b,12.653846153846153,4.123809523809523,105
ed4311e67debd72b8610a5347a743087,7.576923076923077,4.48,26
ed4acab38528488b65a9a9c603ff024a,8.717948717948717,3.725,40
edb1ef5e36e0c8cd84eb3c9b003e486d,11.25287356321839,4.434285714285714,175
ede0c03645598cdfc63ca8237acbe73d,18.04255319148936,3.617021276595745,50
edf96ef93ed595084bbcbd9224bd2894,13.071428571428571,3.7857142857142856,28
eeb6de78f79159600292e314a77cbd18,11.590361445783133,4.428571428571429,84
eed78ac17f7f795a19a709745f00cd4e,9.410714285714286,3.4107142857142856,56
ef0ace09169ac090589d85746e3e036f,12.17142857142857,4.340425531914893,141
ef2fbc2b607d8492bcffe657a4645434,6.571428571428571,3.909090909090909,22
ef506c96320abeedfb894c34db06f478,12.816816816816816,3.9020771513353116,341
ef990a83bbea832f36ebe81376335aa8,16.454545454545453,3.659090909090909,44
efcd8d2104f1a05d028af7bad20d974b,9.81132075471698,4.185185185185185,54
f00e21b1e91a79653163b7fd8f293ff1,12.516129032258064,4.1,31
f0837c8d71434931d9e38e7b79234797,11.291666666666666,4.625,24
f08c008c8a8d31417763738a1788a2a8,18.714285714285715,3.090909090909091,23
f0b47fbbc6dee9aafe415a6e33051b3f,9.929411764705883,4.232558139534884,86
f125f3a310c2e5f822d116147de1e474,13.772727272727273,4.363636363636363,22
f12ff17ad8bbf01ec5c33b17e506649b,13.321428571428571,3.8275862068965516,29
f181738b150df1f37cb0bd72e705b193,8.72972972972973,4.486486486486487,37
f214d28e8d8e3ef068748498ccc2f813,9.666666666666666,4.017241379310345,59
f262cbc1c910c83959f849465454ddd3,8.504901960784315,4.086956521739131,208
f27e33c6d29b5138fa9967bcd445b6d5,12.061224489795919,4.091836734693878,98
f326006815956455b2859abd58fe7e39,14.866666666666667,4.7,30
f3b80352b986ab4d1057a4b724be19d0,10.087912087912088,4.130434782608695,92
f3da5b2ff499efb8d4a6d371d175d7dd,10.879518072289157,3.8333333333333335,85
f41ce2e25237f9092cd8e6e7516c7a2f,8.11111111111111,4.321428571428571,28
f45122a9ab94eb4f3f8953578bc0c560,11.949238578680204,3.91,200
f457c46070d02cadd8a68551231220dd,14.117647058823529,3.7875,242
f46490624488d3ff7ce78613913a7711,9.586206896551724,3.4615384615384617,91
f4aba7c0bca51484c30ab7bdc34bcdd1,10.356521739130434,3.8956521739130436,117
f4c4daa86e30c7e5a553a8d518ac03a5,16.11111111111111,3.7,20
f4db9b37944bcb8873e6b456ee190bbf,12.863636363636363,4.545454545454546,22
f593898ec748b7a8cb81fc04edafd98a,17.5,3.4782608695652173,23
f5a590cf36251cf1162ea35bef76fe84,11.347457627118644,4.237704918032787,122
f615fe7efbef0f4f08fd3086bc7a3e60,7.217391304347826,4.375,24
f61c63d13f7cd800549d5acdd390ae72,11.384615384615385,4.0,26
f62d7bb4a613ec758a03342d46b580b2,13.4375,4.375,32
f63d8f293af3a6454377546bd9dd19ff,17.821428571428573,3.8214285714285716,28
f67efa3f0b6761102a7f8c6b7b571f5d,9.1875,4.4375,32
f680f85bee2d253556ac91be391d2c82,9.907407407407407,4.296296296296297,54
f7496d659ca9fdaf323c0aae84176632,12.0,4.592592592592593,27
f76a3b1349b6df1ee875d1f3fa4340f0,16.666666666666668,3.4583333333333335,24
f7720c4fa8e3aba4546301ab80ea1f1b,9.397435897435898,4.189873417721519,79
f789d2c4f2c2eb38fc4373e7a4b35264,10.387755102040817,4.183673469387755,49
f7ba60f8c3f99e7ee4042fdef03b70c4,12.662337662337663,4.211206896551724,232
f7ccf836d21b2fb1de37564105216cc1,10.643835616438356,3.8194444444444446,74
f80edd2c5aaa505cc4b0a3b219abf4b8,11.656,4.078740157480315,128
f84a00e60c73a49e7e851c9bdca3a5bb,10.77319587628866,3.6666666666666665,99
f84fa566034f5e8e880a07ec624c56af,10.990099009900991,4.2745098039215685,103
f8db351d8c4c4c22c6835c19a46f01b0,9.4231843575419,4.218836565096953,726
f918546be4bec7104d117789ba758b2b,11.521739130434783,3.8260869565217392,23
f9244d45189d3a3605499abddeade7d5,14.6,4.285714285714286,21
f97e2b0650c2068227e1d366140eb62f,13.666666666666666,3.65,21
fa1a9dec3a9940c072684a46728bf1fc,14.1,3.983050847457627,60
fa1c13f2614d7b5c4749cbc52fecda94,12.839378238341968,4.34020618556701,586
fa40cc5b934574b62717c68f3d678b6d,10.674556213017752,4.430678466076696,341
fad44952713764836814be105382aee5,10.28125,4.28125,32
fb89df7f89fd1b8f03fa2acca1ba7364,15.04,3.84,25
fc906263ca5083d09dce42fe02247800,8.915254237288135,4.358333333333333,120
fcb5ace8bcc92f75707dc0f01a27d269,9.845070422535212,3.808219178082192,74
fcdd820084f17e9982427971e4e9d47f,10.74074074074074,3.259259259259259,27
fd386aa7bed2af3c7035c65506c9b4a3,7.828947368421052,4.355263157894737,76
fdb9095204a334cd8872252ffec6f2db,8.387096774193548,4.129032258064516,62
fde0cc9ea29c8ccfc0a2c22256a58c71,8.17142857142857,4.485714285714286,35
fe2032dab1a61af8794248c8196565c9,10.118032786885246,4.3841059602649,306
febab0275244b9a49a623f0bd613ca2f,7.650793650793651,4.263565891472868,129
ff063b022a9a0aab91bad2c9088760b7,8.927083333333334,4.28421052631579,96
ff1fb4c404b2efe68b03350a8dc24122,9.489795918367347,4.061224489795919,49
ff69aa92bb6b1bf9b8b7a51c2ed9cf8b,11.0,3.65,20
ffc470761de7d0232558ba5e786e57b7,9.6,4.3,31
ffdd9f82b9a447f6f8d4b91554cc7dd3,9.8,4.25,20
fffd5413c0700ac820c7069d66d98c89,13.327586206896552,3.8666666666666667,61
ffff564a4f9085cd26170f4732393726,11.875,2.1,20
